{"cameraMode":{"drawMode":0,"name":"Shaded","section":"Shading Mode"},"sceneLighting":true,"audioPlay":false,"sceneViewState":{"m_AlwaysRefresh":false,"showFog":true,"showSkybox":true,"showFlares":true,"showImageEffects":true,"showParticleSystems":true,"showVisualEffectGraphs":true,"m_FxEnabled":true},"in2DMode":false,"pivot":{"x":-0.5952495336532593,"y":4.077958583831787,"z":-17.80532455444336},"rotation":{"x":-0.11041955649852753,"y":-0.19341851770877839,"z":0.02191174402832985,"w":-0.9746546149253845},"size":3.9813878536224367,"orthographic":true}